exprid,N10000M5alpha50_Time,N10000M5alpha50_NC,N10000M5alpha50_MM,N10000M10alpha50_Time,N10000M10alpha50_NC,N10000M10alpha50_MM,N10000M50alpha50_Time,N10000M50alpha50_NC,N10000M50alpha50_MM,N10000M100alpha50_Time,N10000M100alpha50_NC,N10000M100alpha50_MM,N10000M5alpha70_Time,N10000M5alpha70_NC,N10000M5alpha70_MM,N10000M10alpha70_Time,N10000M10alpha70_NC,N10000M10alpha70_MM,N10000M50alpha70_Time,N10000M50alpha70_NC,N10000M50alpha70_MM,N10000M100alpha70_Time,N10000M100alpha70_NC,N10000M100alpha70_MM
1,22.580098036000003,-122.0148614089163,0.4673226196033443,22.788502792,-120.79731425362199,0.4319393288658635,27.478489099999997,-113.04796714281619,0.42233053723628533,21.606220464,-112.42433365468894,0.37834634720464577,29.6091647,-123.28882909886333,0.4430237268410844,29.177593339999998,-121.29937732442544,0.46412864577286195,40.680632497,-115.55140327652644,0.42340234952471584,28.963764818,-112.37674770072057,0.39814703037666094
2,17.123102888,-122.66880374240374,0.45015483759636227,16.35044337,-120.19222652134361,0.43515540804350583,23.699556946999998,-114.94866082598752,0.41184674361327955,14.781988680000001,-112.72043416806565,0.37650814008481215,24.05866029,-122.11783135402015,0.43950465296091096,22.969278447,-120.34778212051003,0.45033553837559437,34.656604386000005,-114.45609146107071,0.417815131795075,25.60507556,-114.49739605581192,0.41454691157803125
3,16.465745139,-122.86801836885294,0.429394696308253,16.958651862,-119.3289941734542,0.41942969749946263,24.380029422,-115.43450242854858,0.4222043542347566,14.948587789,-111.92202723840742,0.35091248253169227,25.409542192,-122.5959837610599,0.4522583878876951,22.896046354,-119.35825665051034,0.43585727871575614,22.093914188,-114.29959661820165,0.41968472825198216,28.083313611,-113.14117605047015,0.4207918672977974
4,16.481647768000002,-122.21275579658406,0.45359990874066586,16.126760726,-119.80474262469467,0.4136953779269802,17.148791957,-115.9148980050806,0.4177242874833961,14.843317255999999,-113.12861601184156,0.4034759966030347,24.942029596,-122.30551883684846,0.44808946685204915,23.535137041,-120.46719376550985,0.44231407122033584,24.724434694000003,-115.14390348930442,0.42969699632554703,21.892524353,-112.27985069470999,0.42305332556906655
5,16.212752187,-122.67971002801612,0.4365163573250899,16.50749476,-121.60753720248498,0.4507951089153553,14.261152001000001,-114.0989373266773,0.4034589362728165,14.717104011,-114.87801364287712,0.4022422130353279,23.590606669000003,-124.16777208235447,0.44160848365292116,25.193054356999998,-121.11430320671725,0.442042741399346,22.176307258,-115.31673167120346,0.41826749789416073,23.545818882,-114.0632796766641,0.40325608860256773
6,31.405947774999998,-123.0129473280259,0.46310209270311226,23.453735286,-120.64767929527486,0.43023235721379693,22.012772894,-114.1932360979299,0.4221698760907426,33.086475701999994,-113.26256985080136,0.4274001744140589,30.387751502999997,-123.4167985769873,0.45576012813570455,29.240438822999998,-121.06020334208864,0.41698498523923966,33.833362828,-114.50166559496684,0.4063162621270794,27.818239141,-112.17111612364032,0.4125364027420427
7,27.396094952,-122.0941045461766,0.4491289517464489,15.451084419,-119.83207426549343,0.4244843946844351,16.783693582,-114.51430080025705,0.4005957702246443,25.432068026000003,-111.98853981143606,0.40181527924665394,22.964829854,-121.68925535326679,0.45393875720109106,23.003698571,-120.69992839135148,0.42726459709897724,25.105444398,-115.07589079069939,0.40876112251579166,21.624000651,-112.75942714035227,0.40519810675401746
8,22.372576395,-122.21365888245901,0.4403811881170041,15.678032658000001,-120.87574577073228,0.4675178513268113,15.038930126,-115.03031961608349,0.392219782452511,24.040072164,-110.25700413269864,0.38947201935248305,34.872402297,-123.52933861226269,0.43479819906755685,23.678448648,-121.93250100344243,0.4198262442959962,22.273767871,-115.1177136657321,0.42206790703435104,32.015946773,-113.99979208577155,0.4114877425120118
9,18.566564308999997,-122.83654020889281,0.4630590043088514,16.278122531,-121.14658970052905,0.4393785526715299,15.471354455,-113.80286264801684,0.39775771333959326,14.255830438999999,-112.19962192189699,0.412379313233735,25.385789521,-122.59504135198884,0.46862232236908197,22.796786995,-119.85512241823551,0.40799969749801673,21.704012528,-113.96135361432154,0.4163135969486346,29.589039289000002,-111.81060669882673,0.41183329329516327
10,15.845858732000002,-121.50281698986254,0.46469697176211744,15.707801552000001,-121.4253296874289,0.4608744337368387,15.459562113,-114.13674327136908,0.4095682626890131,14.567216166,-109.60803255006277,0.3984531117048331,24.349364806,-123.22672176132652,0.44836749566961576,24.377690935999997,-119.684406002795,0.4233599531462239,21.773498984,-113.36643673050932,0.40162951787381573,21.587687906,-112.47790206478723,0.41188671016130873
11,34.730747201999996,-123.98641917594175,0.4397765960731125,22.620559628,-119.4572799851956,0.4484110364785095,25.391751178,-114.89769016304577,0.42228525678831974,20.717710620000002,-114.15320376281204,0.3885038490709502,31.46047139,-122.45961141150781,0.46239664415211434,45.795863194999995,-121.22961970546949,0.4412341511461596,40.111460099,-115.78015130519103,0.4367322464487844,44.345553402,-112.27667084139841,0.41048941557673085
12,27.651827274000002,-122.55179166876309,0.44302106082883175,15.582517618999999,-120.18824382098003,0.40412839037696263,15.526763228,-115.24860557486245,0.43353567146247746,14.630549293,-115.38102400701035,0.39730579627484475,27.705198678,-124.00858692911969,0.4362150659488008,38.034652878,-119.82253614746898,0.4607945461654368,35.266184834,-115.34700603357312,0.409954048575079,24.169052908999998,-111.83373846722448,0.41674756411935193
13,26.145640914,-123.72894449034507,0.41703761548997964,17.696203354,-121.03493462517042,0.42253855729506307,15.623369646,-115.07293738288026,0.4310993952433119,14.636710578,-112.27137606181536,0.4015972382997096,29.451177866,-123.57410672434348,0.46680354470787166,32.064306914,-120.07934805920125,0.42381522345713485,35.130065805,-113.80107952377963,0.400026587382952,24.442696517,-114.72808396567046,0.41445595150226777
14,16.792755221,-122.75281754683753,0.4514008143667513,18.719685453,-119.92568754899266,0.39988265641989457,14.783344093,-114.65937181524512,0.41584232895788364,14.660968411999999,-112.76085985980416,0.40533414168255744,27.555110296,-123.30189090583299,0.4563091081499855,23.883423914,-120.18904523750408,0.4237316052244722,25.813903475,-115.67453677216801,0.4076815680199295,25.878844443000002,-112.78631966625524,0.4046330548272884
15,14.966758825,-124.12918674369774,0.44521298736559556,16.630568272,-120.44935330834673,0.41408909893183904,14.595602143999999,-115.06841747558342,0.40796739518475766,14.574962094,-111.81508146767945,0.41733193244880057,24.609043912999997,-122.87048916546362,0.42728788456306377,21.804890626,-120.71514636160968,0.4217382307104506,19.52367717,-113.44337002297152,0.43574853264472213,21.724964714000002,-113.31607705207743,0.4183091221185409
16,28.013245494,-122.10247736651037,0.4712734301932855,25.17297269,-121.10105594807318,0.43229705441305344,23.787416897,-113.72067417791199,0.40535750697043066,21.498690681,-113.34025453336302,0.4099481433378226,29.153463143,-122.35032248988851,0.4406181726070405,44.137096668,-121.01332549070159,0.4180042764990145,32.991113162,-115.48857106464145,0.42513772526338334,31.921172572000003,-111.68284503179181,0.38901060302587276
17,19.842781281,-122.79382282873317,0.4494303834862271,17.783440074,-120.47319713124946,0.4228765496539931,15.625592842000001,-114.30453111008626,0.413243059399565,14.712470165000001,-112.17468935308145,0.41308834336858485,31.698782132,-121.64408903131535,0.4523470008375213,37.339625755,-120.31110490684225,0.43678796096200767,27.552810523,-113.73833510589323,0.4121407947100879,23.764383,-112.84943559351676,0.4172958335631839
18,21.958689506,-122.76798978502823,0.4180208050137487,19.467046589000002,-121.05861950982,0.43215102515501913,14.74305427,-115.38908958990962,0.41630765046368295,14.705488021,-114.54462136760071,0.4420721585666535,28.552530198,-123.31109672270823,0.4305624053134133,32.922607919,-122.10744935582562,0.42047182155740004,23.321936624000003,-115.40311747947523,0.4276011064338795,21.363824204,-114.6229927304935,0.38814878592402796
19,19.188604584,-124.11929378313582,0.4582428460234661,17.51000663,-120.95471939784532,0.44882836960016415,14.831107458,-116.56164934690085,0.40063201727868347,14.769101335,-115.29589076160337,0.3943267821129554,36.876320453999995,-123.53675991334204,0.4429687613628287,24.501286547,-119.9787806411122,0.4379436708805446,22.768147871,-114.60219661930607,0.4286609730910099,29.34344399,-114.0514005421226,0.40713170005259536
20,16.202746598,-122.23374083612585,0.4536106369732311,16.192354462,-120.36580020081428,0.44593120878587234,16.103900042,-111.81768267667445,0.41925950184677374,14.576055338,-112.1225123363117,0.4176891821596147,24.24069562,-122.34707701226799,0.4470845674403162,22.125832319,-120.70913963372956,0.43846800280505344,21.141394076999998,-114.52855606454331,0.4124082727123384,21.003004755000003,-112.59773463757124,0.398699750682689
21,22.429794540000003,-123.3906276674131,0.42756482713438215,32.405913287000004,-120.63405608877538,0.3999372808339602,34.055530336,-113.89851830089988,0.3982825049486476,34.869796733,-112.49720649861845,0.4005119428352371,30.137527368000004,-123.10738577417676,0.46264944905970495,35.958685396,-120.46855062506201,0.4486034370063413,33.202084524,-117.01663697221761,0.4402096719680074,37.502630518,-113.87954389716536,0.40877919463064233
22,17.143687721,-122.6082289609148,0.38966009865464846,24.801047905,-121.62366262532917,0.41933477221953647,26.111754160999997,-113.94352191581775,0.4059337743345166,24.327159707,-113.33381729275993,0.4142007537978921,23.074643976,-122.48298762278716,0.42250248775948274,30.276941468,-120.47463239114384,0.4159660271687418,30.43531263,-115.04157791580866,0.4198040834074924,29.041249906,-113.53167667780569,0.39822553597223354
23,15.645604015,-124.24842804902867,0.4295844760780287,21.176625619000003,-120.52769870379561,0.42047936594031193,23.049619458,-115.52598292214793,0.4125435423997089,21.865281644,-113.33882862999323,0.3826628631103418,23.134900494,-122.28730620510407,0.44758178906964563,24.035861190000002,-120.68926934061993,0.46584640885095796,32.312898382,-114.08635104857946,0.40984973294417304,31.342006158999997,-112.41624736825098,0.4310738232745246
24,16.459099121999998,-123.72857308613197,0.45067284952702924,17.930293,-120.36356701196625,0.4362456969232946,14.242870904,-115.10615978729732,0.42483980679879674,13.685056549,-114.81399242608322,0.3783007545646908,28.238977442,-123.01118127870872,0.4317416923192222,32.201117761,-120.8500362932241,0.43353001243251077,28.532471279,-115.50909866229705,0.4222316546704844,24.995962323999997,-113.0162282832424,0.4249255079610056
25,16.236560952999998,-122.76398912383553,0.4571635206524073,15.077430459,-121.56813573915528,0.42147981862033257,14.326000485,-113.1867305911974,0.40336764623879634,13.582342133000001,-112.06968391657422,0.3861377565876569,31.954500148,-122.49416160687761,0.4373335657308845,24.043111263,-121.61867597691322,0.43421736348959117,20.240405763000002,-114.4011849504711,0.4183009696961639,19.71288453,-112.78798757827913,0.42007291277958037
26,21.333553382,-123.97761420408519,0.41192609457155605,23.132531692,-120.81648140829124,0.41609822981659267,21.279134493,-115.10713801741218,0.4342306934441538,34.463616472999995,-114.34622068156895,0.40973573839932786,45.632200109,-123.0523378815651,0.4149714925948672,34.709584318,-120.02199414220459,0.4479273174284639,30.275642964000003,-114.81511197260075,0.41835564214283677,46.093485021,-113.02329767413735,0.38941104401557863
27,16.990427502,-124.56564162964922,0.4309347231691453,16.321097779000002,-119.77757173414851,0.44855224736304666,14.863069775000001,-114.59713593140894,0.42321932156303743,25.444792975,-113.63577187805657,0.3788367244661464,37.918400038,-123.19715234972627,0.399850262054101,37.486166748,-121.59381830076046,0.4351782449056819,21.262500513,-114.31768682347979,0.41601762641556683,35.309465118,-113.10823711605052,0.402356040835419
28,16.249985246,-122.71230111931243,0.43524804124953886,15.788179851000002,-121.189905409194,0.4087081504821381,14.868155065,-114.68951827178542,0.3990301126471376,22.580230461,-112.18931583427678,0.41063349855816056,32.285750322,-123.04390141939103,0.4124138671243291,36.643697167,-121.49077352779364,0.4443484207987349,21.28364795,-114.29755770107535,0.40659017805468955,32.873746981,-112.92598855417967,0.42988395542559954
29,16.311081627999997,-122.89741155644371,0.4192109310489094,19.526044193,-120.52607841159701,0.45847227383346767,15.612194866999998,-115.65840449163433,0.4030849707406696,13.678837576,-110.43477166731175,0.3860284697814018,24.77342893,-122.0369053594406,0.44487489125911206,26.432196846999997,-120.14994396846676,0.43254182126517465,24.498685308000002,-114.72381815714638,0.40337485764375947,21.337737562,-111.65971794601279,0.40872852593189324
30,21.065497085999997,-123.79321191502822,0.43226669821072194,16.407285738,-119.55879990148539,0.4266574567890334,15.463350072,-115.64897163766722,0.39979608048312476,13.679362173,-113.21705126974764,0.3694111293657292,22.358376142,-122.5664414432917,0.4165317896118981,22.120509048000002,-119.77789812333127,0.41927230353877926,25.69173659,-113.97009581189049,0.4310386657734726,19.563683385999997,-115.18801072000346,0.4346801861078823
31,22.582218307,-121.89961905602242,0.42707202684820655,22.180583253,-120.16342005903904,0.44424224505340915,23.170623929999998,-115.08724255069257,0.43689077314541386,21.090858013,-113.82745945983899,0.38970865498333596,34.071521488,-124.02905314167452,0.473303473217776,42.947462914,-121.01580314283459,0.41598154272125065,32.860482683,-113.79146997373557,0.4172951864845672,29.415166924,-113.06642634291188,0.4059383737206566
32,15.557399095,-123.15650883724905,0.4297254789020662,21.072583209,-121.63817506453954,0.43719438783114734,17.494820868,-116.23289167652537,0.42680056334825917,14.89889713,-111.54134298622795,0.3992370171622711,23.119225234,-122.12439761518702,0.43721681997217243,24.534969005,-121.30530299446382,0.44418055243546706,21.520920634,-115.58558947208701,0.39461828785784936,23.743854409999997,-112.6985178873161,0.41467876296933937
33,16.273389638999998,-123.04388463785659,0.42533286666668835,17.5700179,-121.07139473187914,0.4461315098706097,16.837460099,-112.76913815815027,0.41755916764007517,14.922782157,-112.84900630423927,0.3629603183910122,25.989461959,-123.11835000801658,0.43534296227868186,32.387407124999996,-120.43089991153617,0.4388745797310212,22.152794132,-114.18466178833948,0.43209084864469127,21.589550255,-111.61236465308045,0.43701572276831874
34,16.236800211,-122.27491647774144,0.45959900521567976,17.999261483,-119.7532626144749,0.4229946932307004,14.776007882999998,-114.47442575214119,0.39343552985688723,14.966548408,-115.41496634327548,0.40651414980968736,30.828594562,-122.82571947700198,0.39995218271764177,26.17567741,-119.88213365228097,0.42675092673044035,33.717891494,-115.64489287684579,0.40135862027086233,30.494119282,-112.52307791681937,0.4170600365798601
35,15.728425698999999,-122.77143435944643,0.4696641503425298,17.928304811,-121.19820381651654,0.4440431296994541,15.251084716000001,-116.16616522990378,0.40027061406141684,14.855311495,-111.68094193615511,0.40177629434627987,28.143273852,-123.19269204001479,0.45649513128831354,22.753353776,-121.14675645332609,0.4195766370612872,22.366734178999998,-115.83660778098177,0.42164107882104496,27.290903899,-111.77307954169382,0.4114207195597552
36,22.498776637,-123.96972007322213,0.44230738814689907,33.264179981,-121.20956030080946,0.41947363660881115,27.379739683,-116.05289845718687,0.39268919972954797,21.023927989,-113.9319595746168,0.4122643016615275,36.241889908,-122.25935213634831,0.4216981329429277,29.327066813000002,-121.29328225213312,0.4383934152357267,27.918482815,-115.32274449252041,0.4389349565731853,40.707920479,-112.84069778761084,0.4225530840765767
37,15.611414553000001,-122.33302227098541,0.45046652042833824,24.670970538,-121.50161810431003,0.43629279458550163,25.927900360000002,-114.24577514123443,0.4356917264979885,15.56590857,-113.52594502238432,0.40475678440517915,23.484145744,-123.22698501649377,0.4454602130587155,23.590272144000004,-120.46913182024669,0.46221893868055147,22.154788523,-114.74790823178081,0.43258240292378236,27.999048128,-114.944846902438,0.4240196023416001
38,16.291881924,-123.59580034630072,0.4158258150983714,17.657715953,-120.93041511768344,0.43769769922574864,22.883475194,-113.58292024002957,0.43585270819786626,14.92838114,-114.4395308338178,0.4110451577218292,24.851708994,-123.19612535828055,0.4380966346171745,22.709637892,-120.97833921658199,0.41765798833064804,21.315068602,-114.8601998020639,0.42601207023369503,35.196423826,-113.3699781664889,0.4242807302565973
39,16.286829649,-123.58635256044373,0.44444715121787554,16.409515519,-120.50688665780106,0.4551889980082717,17.533088156,-114.39515250013046,0.4200252425127755,14.83608468,-112.4769411048892,0.40956386476105855,24.344391085999998,-122.32648023518273,0.4850534611089687,23.094164418000002,-122.59467291765006,0.4394675278292013,23.766803053,-114.42140294852683,0.40551987225873665,28.427331579,-113.01597943343697,0.3912121056797628
40,16.242687924,-122.6660199110676,0.4416596371593235,15.333458519,-120.44720180426731,0.43967452575755006,13.492841225,-116.09841400088901,0.42044499907806837,14.69148436,-111.74880623646581,0.4111596925031728,24.161509821,-123.17809886595064,0.41625199905999327,26.158773054999997,-120.6943140994729,0.4313604946141049,21.528785038000002,-114.99069916640558,0.43105971511767005,20.580096845,-112.91974630313655,0.4016296936492894
41,22.977840049999998,-122.49706502833799,0.46382514771536953,36.434428504,-120.89528778694857,0.4374116245705888,31.746134745000003,-111.45326049537151,0.40666292568903717,34.891178476,-113.96070108452426,0.37903033402028985,39.900299575,-122.31713263129744,0.43232275475936144,35.071087836,-121.88720606092608,0.41327391028797134,39.748890712000005,-114.27633580847875,0.4198305941634964,28.335570326000003,-111.82358153707189,0.42323158800124616
42,19.517801444,-124.01604197045646,0.42670688800084744,19.931467692,-121.52617114456118,0.435333473302562,26.129963657,-114.01526380543385,0.4156368270584039,24.343297647,-112.62841963705779,0.39678266745561835,25.551820603,-122.33529633412931,0.4518616411201357,25.512114277000002,-121.07287871909924,0.4304987143619575,35.928293161,-114.9870101530175,0.4098153369750921,23.424129951999998,-113.27861522472938,0.414158832712008
43,16.445352696,-123.40064127685241,0.4296329037630443,18.072788978000002,-118.79107902646699,0.4363305216457771,24.722890271,-113.74113414338143,0.3811149685983288,23.329797306000003,-113.1661414170486,0.38164887273307624,28.38358044,-123.17209431942929,0.4562959421311342,24.096279459999998,-119.28282077602289,0.43963176165207263,25.632440255,-114.42762622830251,0.40231786174132467,29.284480927,-114.04569849457077,0.41098709365275055
44,15.866972304999999,-121.77339245734271,0.45411662627555405,16.537171847,-120.387233620102,0.41269186063407126,14.851621289999999,-114.2162635272646,0.40071061707349986,14.161271238000001,-113.65257291346893,0.389777971659766,37.358237701,-124.3384430821992,0.4390895948042724,26.402544134,-120.4161836188521,0.41335962998625614,24.228975012,-115.21870191113226,0.418345295791378,22.159405316999997,-114.10575938785192,0.3952397519607652
45,18.611811644000003,-123.4042248132294,0.4542587929869105,14.972215124,-121.40897912702341,0.4391673151038249,13.546872054,-116.1276170551453,0.3879147448937893,14.068176925000001,-114.70811795578126,0.3905534769589498,25.701050351,-122.91607274439424,0.44015160126036046,25.45557175,-120.99487439471342,0.4565811612523524,21.661361716000002,-114.30741647774715,0.4078769944303577,22.128801700999997,-112.85830944635977,0.4102270774699845
46,22.304218792,-121.67725741861551,0.41260238335901533,22.74589388,-119.30136827407438,0.427017687918253,26.497443278,-115.13081597492356,0.3981355685870014,20.792593701999998,-116.1640952508853,0.4225391610127346,30.65576438,-122.20214665100158,0.43871053383225317,30.394891314,-121.03579189183137,0.43290258569039775,46.466875783000006,-114.69558885927452,0.40923719350817317,29.608469510000003,-114.03629784776116,0.40532974079171674
47,15.666592078999999,-121.75658186005325,0.4199425837106787,17.297229141,-121.9785828801921,0.4431840999506981,16.023251056,-114.40222349639345,0.425272390596449,14.789967716,-112.45556054117618,0.39497802675371807,24.106057788999998,-122.63921124516233,0.46482030095807003,23.119619616999998,-120.45886120053069,0.4314953504046416,37.43531534,-115.68572813204135,0.4009204056689826,21.850202013,-113.22217677803188,0.4014125375600756
48,15.625663135,-122.37162646652908,0.41226812740595586,19.612314106,-120.4501377218052,0.42249283071625776,14.941868307,-114.16941860099729,0.4156112646156219,14.802999203999999,-114.46210206982374,0.3978340629244736,23.333987238000002,-122.92590542981273,0.4133869601812651,23.805181409,-120.69659719387981,0.43502098866065597,36.119186445,-115.28797506283685,0.4301420004708508,23.003634171,-116.38438499084198,0.4029499876461965
49,16.629545425,-122.3665045927074,0.44213619568990903,18.946404092999998,-121.95421031598062,0.43014854191558793,15.845601260999999,-113.48582261999394,0.4067540645633536,14.809524961,-114.84718854308582,0.3941364761973505,24.009812462000003,-124.08497840878378,0.44104404339925984,23.747271718,-119.76224570965746,0.4131575012388926,22.920570055000002,-113.15800925904395,0.4175838829978947,28.640173442000002,-113.21135117857891,0.416656268917974
50,15.777994093,-123.49428818639723,0.4111090226672349,18.985779496,-119.78967796058264,0.4505221592758498,16.968433171,-113.22853007356018,0.4116878224322471,14.80572308,-113.75459007675607,0.3999029705762427,23.631501663999998,-123.16248212858032,0.43693608203867346,24.331894634,-120.31068966564877,0.46785648180184625,20.494295217,-114.79036959966689,0.4212029439779586,23.252625327,-116.25462998869433,0.40645056392311035
51,22.648287940000003,-123.34103959264881,0.4256223250689356,27.862391386000002,-120.14424348598698,0.41737635712944554,21.701719022,-113.945379224038,0.408940190617861,21.332025262000002,-112.677367179472,0.4119796464158648,36.625763929,-122.37256481386028,0.408970208424714,29.133552107,-120.31242240595158,0.42738873441913094,35.606955776999996,-114.12818351389583,0.4089148770728649,32.007265663000005,-113.07174537620494,0.4231526499062526
52,16.381499923,-121.30273798322483,0.42115612591398977,25.810617371,-120.61703866062892,0.4430986643472208,15.466022296,-114.68566300613084,0.4074192307317315,14.694061967,-114.27856882112728,0.37956529482111434,28.828310158,-123.32806097356902,0.44981113572539644,22.930319491,-120.67574349327744,0.4458656724560997,36.041395357,-114.67151511660882,0.4200024321311161,21.632295756,-112.47762428091366,0.4232479641948406
53,16.351272251,-121.74703040213052,0.4449199457053443,22.004566708,-120.8340717137542,0.4411707854832954,15.899217540999999,-116.29254306154994,0.4138061428288,14.688679852,-115.14238728475279,0.3831489916302586,25.016661785,-123.5341248110048,0.4469975224187953,24.363633554,-120.4041900317253,0.42947046474914086,23.376914438,-115.17840991910415,0.4183085618741569,21.795035265,-111.43801090124342,0.415003201036746
54,16.5896215,-121.32822817360298,0.43331398400938725,18.200617915000002,-120.63862419910473,0.4475518197356546,14.725509489,-113.66072458238664,0.44269085908691097,14.807046432,-113.74574723044486,0.4094634520191097,25.54361726,-122.4304922790066,0.4369525354681075,23.540015796,-120.67282941736562,0.44466154365786814,22.039311551,-114.3064134198345,0.4365854742873739,22.114687131,-114.67768391941576,0.40168238476560586
55,16.55275075,-124.50650473479165,0.428879939922285,14.944088338,-119.85242642014897,0.4273512554172705,14.621665841999999,-115.35744442914662,0.38759196376656435,15.322857555,-113.33836014761278,0.4166566187974874,24.143875331,-122.97073594188394,0.46428756319315306,23.962017674,-120.70327122480174,0.4069333711852256,21.380011379,-114.48416686309973,0.41801031961898427,21.830300197,-114.1080154445142,0.42451510141150894
56,38.089232913,-121.73025971715725,0.42349171927238816,22.845852762,-121.68229225400395,0.44725651218746565,29.768044863,-116.4767098856959,0.415028274063735,21.151966017,-114.23075328193897,0.4220031998545255,46.257419326999994,-122.93816349232615,0.43442057545572543,32.779410556,-120.08611719704024,0.44917250744530746,30.700179294,-115.31315930237747,0.4112696575617549,28.213963789,-112.1752577823485,0.39665619535482743
57,27.837698557,-122.31641063873218,0.4535070740230704,16.401962688,-120.16051579759166,0.437045846124851,15.751575329000001,-116.60997915323709,0.43682998173384646,14.834679420999999,-115.28061922490657,0.3899875487077818,37.606420646,-122.86732613712702,0.4481214254408612,25.912675129999997,-120.60303966231375,0.43738144997888784,21.292431261,-113.79451330802637,0.42500814680751814,23.082517805,-112.96376631197283,0.4267499992221925
58,23.051100298,-122.4533207994045,0.44318724885639105,17.352971568,-120.18979445346054,0.42325576901666506,14.761801191,-113.85049399305242,0.41319468196970005,14.80824181,-114.01978998720317,0.3704123183550436,34.657944387,-123.0475995281113,0.4441446742381857,24.810931703,-120.39335266584031,0.4448471250795306,21.343408959,-115.30486769314618,0.4164537780698343,22.189919284000002,-111.98412746585232,0.40336288650136376
59,14.749550782,-124.31637595749606,0.4117766818708308,17.156575956,-119.51607985287362,0.42577157308624847,14.897127848,-114.41040282783902,0.422564102749846,14.837948969000001,-111.90067548144226,0.38273930507588994,26.835387851,-122.72953411771641,0.4139175264253227,25.210239222,-121.24138741456943,0.4393365049377772,29.563155933999997,-113.60335215097169,0.4321463620103173,21.986790401,-114.78644629377628,0.4188655539091398
60,16.046781391,-123.80446645933776,0.4764271488715057,19.820095921,-119.84383848168982,0.43567422761821645,14.401403788,-112.26121672621356,0.43112395548707066,14.826878073,-112.93152998037337,0.41267356544853817,21.193170947,-122.37554247940308,0.4251165282308287,24.71107811,-120.21565306658547,0.41263989180562377,28.205581997,-113.64470045991484,0.44056164883892085,24.379221491000003,-114.63641288847077,0.41793635160762715
61,22.220572623000002,-123.02089471428116,0.4111135183476196,22.822890921,-120.07764820949004,0.4185585371606425,21.474662328,-114.12014173024032,0.4179971019224392,20.960022759,-113.92860093306354,0.4035383850635712,35.891014864999995,-123.10093153919088,0.4513647533600696,35.723035678,-120.42131278178071,0.4271282863381504,28.73821857,-115.6967545189726,0.40545754797099576,45.497509752,-114.38772577807129,0.4004531342326588
62,19.486284783000002,-123.76152127759839,0.4622316003114614,15.586936212000001,-121.24387742785541,0.4244693437491428,16.535926149,-114.82289638707331,0.4166844149788229,14.724763987000001,-112.97479321462838,0.3967429527659998,27.788175373999998,-123.13701574083224,0.44167081229657956,38.229630841,-120.90536128192761,0.4181361676835422,21.308561913,-114.18356266272025,0.401499635689333,35.144046511,-114.0334769529934,0.3983111236108874
63,16.557665644,-122.61313485958016,0.4082632756309738,16.6096495,-121.22802752925428,0.44680962961212434,15.097636932,-113.43685062928368,0.4053688223762121,15.478956218,-111.91858304194652,0.3905748795893431,27.05386719,-121.9836449594325,0.43319312603378196,33.498757771,-119.63605520146416,0.4282910522468665,22.351649298,-113.66647947738224,0.41595947414440293,23.816238386000002,-113.4103610397276,0.41156270915570814
64,21.046316354,-123.87130559585223,0.44631232767394735,15.687712648000002,-119.73849359614472,0.4364961806635788,14.914624338000001,-116.16425098344932,0.386131725338141,14.769631483,-111.45136122149749,0.3877148217612675,34.225415417,-122.40725741899472,0.4309894104219915,25.303110541,-121.10953150358439,0.42905765864254863,22.567669975999998,-114.04198073761407,0.38245094386390954,24.238788038,-113.51796236734909,0.41400302391528576
65,16.500493473,-123.33447794814998,0.4574104066339375,16.717533932,-120.05385237139285,0.43728728622618784,16.837267579,-112.95013367093462,0.4053153232902945,14.568659666,-111.94542784636407,0.3734775779694872,24.655095317999997,-124.36688905654098,0.43081972000469215,23.502916334,-120.5033348168809,0.44329281419727645,21.485077928,-114.08784561751325,0.4137522253524459,21.850602151,-114.24687424310225,0.4167583576160476
66,22.475574373,-123.09262245730874,0.4437852924473311,37.429843133,-121.7182613749882,0.41173936482448237,22.343891174,-115.95364960510571,0.44871267497275935,34.674003512999995,-112.52001372566829,0.38155468030728745,39.540202644,-123.32474064731632,0.41438851984088837,32.362026336,-120.66834875815954,0.41487115519529016,32.81457208,-115.96769242911905,0.43629656823038065,39.493340343,-114.24228631908512,0.4014941998922064
67,17.061641348000002,-122.3389555691044,0.4327230180772906,26.338117102,-123.0174658288164,0.4152397357544031,15.508668552000001,-113.24497264499544,0.4331472704703172,25.493882764000002,-108.76904913665545,0.4086532082568193,27.548092777,-122.1016842735203,0.44134723626435346,26.216254013,-121.07557380894269,0.4470718315149308,22.422187695999998,-113.85995052801995,0.43700946522646145,26.130589664000002,-112.84740548464202,0.4194016476857607
68,17.452504376,-123.15849783750727,0.4341212546934289,18.146079218,-121.30941323278176,0.41679219882519203,15.658510428000001,-114.5860200969282,0.42207381630968677,24.12744064,-114.67070036106813,0.40143163414773625,27.316270697,-123.43245675957283,0.4467617865667533,31.067301365,-120.68852725815253,0.46335024942740766,23.569878352,-113.47451566898047,0.42548444316706535,26.213640505,-113.33628730452192,0.40218302109341475
69,17.303196228,-122.42257444631588,0.4490978560938189,18.924940689,-121.27224218352372,0.43049629584231536,15.482132917,-113.47242636798626,0.4008577557446664,14.319563178,-111.2614986363081,0.40483147876029846,24.929625243999997,-122.02254648863078,0.45860735549331,29.296927161,-122.18563765188982,0.3845246298929942,35.788416616,-114.92596172749046,0.41810183056956673,33.663270708,-113.4120521415047,0.4047728119512804
70,16.968695345,-123.34446662336826,0.43803719868549285,15.307850672,-120.2654014355751,0.43961700317418684,14.790230039,-114.51535605597324,0.38121411302834485,14.156489493,-114.17117485020158,0.36073300322515944,24.627642093,-122.89934141295035,0.4579367022623907,22.910300678,-119.6844062391567,0.41387564104862395,23.069377089,-115.66434781120567,0.42147374606593485,20.912515442,-113.05979906219116,0.4156589161755607
71,25.567721447,-123.47401425131882,0.42731482071023486,24.763106976,-119.69864325785097,0.42385298491870865,28.276266894,-115.04082141831341,0.40551115433814505,34.6581282,-114.50393380513597,0.3810161866001842,34.850194390000006,-123.41164950555505,0.4731495988858406,29.330568224,-120.39325043600088,0.4254068567851038,28.448041222999997,-114.96471321584505,0.428001564686819,46.694540543,-112.44001202778466,0.399106516467414
72,27.394547175,-122.62267535724553,0.4670728453895765,16.644527551,-119.64122713955416,0.4175058879181419,26.045290577,-113.52764883251702,0.4164504372744069,25.51647397,-111.39792047257544,0.3871145971947848,32.509103582,-122.42633446032946,0.4539289586291547,23.120065622,-120.94504056622668,0.43796374957402173,23.598993588,-114.40708264515867,0.4021471639116639,35.11588051299999,-113.54561592248575,0.4003267105801675
73,21.987069761,-121.22068316365474,0.43860916965345187,16.985551081,-120.79756775387334,0.4508941238399952,24.806257223,-115.04712421094312,0.4043094375764816,23.041754354000002,-112.81488315786461,0.40993052154281906,23.771299164000002,-123.74344411707881,0.4366408386602044,23.797328967,-120.6671217372281,0.4430921787431742,27.898258201,-114.66146313046681,0.4145396496026169,28.635006580000002,-113.19024084993403,0.4244771879778193
74,21.668951039,-124.11462784212937,0.41040103627894,19.922137703999997,-119.27713713711832,0.43766407304290866,16.704464805,-113.30371905416916,0.4197648831355648,14.226100655000002,-113.22633508346651,0.3904288739186588,23.965208076,-122.55423654643617,0.44101592809480616,23.630125573,-120.10156862737085,0.44195208365756733,21.852350551,-113.23966874062248,0.4303069199972883,23.304942709,-112.37901627609116,0.4057599454668829
75,15.920488404,-123.29165848757286,0.43507297308131715,17.578549642,-120.58754337080464,0.4332580850700658,14.257529397,-114.30965241641518,0.41851286177367447,13.723395623,-115.17887120252395,0.4277636389217908,23.441857102,-123.00734099269569,0.45339274638082755,24.208589397,-120.70697392403166,0.4226477245462861,21.267314482,-115.87623061955907,0.4367461684606212,18.99324485,-113.81891565932554,0.4125265875156229
76,32.308132173000004,-122.51287268715218,0.44037786643587945,24.296081153,-121.02986839876051,0.4109558920865421,21.536614583,-115.04043531742542,0.3950478334993406,20.506190024,-114.25301021059936,0.3829270083486347,33.323304293999996,-122.8895129567061,0.44406810920418743,38.908359098000005,-120.09849924010668,0.44614497662395664,40.115524386000004,-115.85983132791695,0.4230662999456609,28.648957148999997,-112.34408045993395,0.41345503057621447
77,21.853646230000003,-122.88656250515912,0.4093843470882759,17.329452744,-120.09314749394119,0.4565419514011795,16.195755921,-114.57520893143244,0.433825986089191,14.594717332,-113.15458245141703,0.3959886310520074,24.86046811,-123.85112836649766,0.4361875566569663,34.169644518,-120.71840928212245,0.4235572884128045,28.441899045,-114.55815715839285,0.4195049672516745,26.038233413,-113.86346737996664,0.4120209768750842
78,23.49000171,-123.50937396501337,0.44328809775209865,16.934967490000002,-119.45813651043564,0.43300964759298843,19.84423292,-113.19587860492733,0.41648794759641206,14.616542939999999,-115.32122073717966,0.362084462484056,27.972232484,-122.59400720396727,0.4266389235807099,30.367747464999997,-120.84939334084514,0.4566524621358202,27.439965854,-114.02800632462791,0.4223477218289341,21.624217040999998,-113.21371098392267,0.40854831012092596
79,20.215751383,-122.65228241445314,0.48677170330477326,18.046476024,-121.62346447039431,0.4043836807256336,24.239769077,-117.12368660715329,0.4207239962386803,14.636311497,-112.01891876437942,0.4188819037238178,30.779154448,-122.89303616507996,0.44623315482072085,30.194188463,-120.44326574884748,0.44751352521994525,23.335285941,-115.95110804147191,0.4474131820058549,21.135580462,-112.31354611912853,0.39228296198498097
80,15.272865721,-122.55850342087031,0.42962444109861264,21.799622382000003,-119.31829619061412,0.4239295339796863,15.195067717,-112.70621171286612,0.43682300186078515,14.565814265,-112.83301234503178,0.4045755636391236,29.012448410999998,-123.0321521053201,0.4324555977343575,23.807956128999997,-119.9891551421993,0.44605790310810756,21.512195503,-115.48824633643717,0.41385629558817916,21.636503954,-112.57503159628268,0.4112604749049308
81,30.184546269000002,-122.34641139614295,0.43149291950212415,37.609654015,-122.18769297427009,0.42309936148246113,27.940646986,-112.92714083120211,0.4188675079697336,20.918854171,-114.70659758439709,0.3712372890495204,31.735181481,-121.61654006709271,0.43219656750415053,36.728399149,-119.90687179691807,0.41384755570793974,32.111777306,-114.96148828681594,0.4193567013120356,27.276797761,-112.15054847150878,0.4234942848275295
82,22.630868618,-123.3234453532198,0.46838552415667556,22.686725619999997,-120.28684829578428,0.441142084049225,14.981050779,-114.46337794457996,0.41851540748014493,14.844061666,-111.58677039329443,0.3988120697339714,23.007471245,-122.09401532593401,0.4388672304862458,23.571659097999998,-121.46493158813686,0.4506855710790234,21.358116563,-114.42131190267524,0.4343867363921882,21.542016727,-114.97939857364008,0.4194821106666293
83,21.845912177,-123.06499156497843,0.4149643242449269,26.215896455,-123.01624861292315,0.42754338192259805,15.759146987,-113.0567314159963,0.4092647013424895,15.623625634,-113.57671707298013,0.39563892284626034,23.970177392,-122.80998791794332,0.4070658403652464,34.286099269,-120.71283953404006,0.4406249451992176,28.928349507,-114.73839192441214,0.41909029853820423,22.156705877,-111.74278065956996,0.40869438483938664
84,20.078988638,-122.67586714468187,0.4628082878936594,19.290103312,-120.70755649327539,0.4390423103950961,16.257831431,-115.630974939149,0.4064067535170788,14.943351554000001,-113.09737115660421,0.3842625378485972,23.748262064,-122.93362908184376,0.42141274536448603,34.272357875,-121.09933086740607,0.4496317934753091,27.082034660999998,-115.54068213290637,0.41732525948911964,22.084126462,-112.44310952002208,0.40107873639993813
85,15.582307264,-123.55673231145553,0.4564603761586832,15.207176884999999,-121.9771514081947,0.3988483874457996,15.535780004000001,-114.97393120593226,0.4166482738496423,14.724915264,-114.7375211161898,0.39158497004028625,23.405300179,-122.36855142564208,0.4103471744664803,23.117603434,-120.82930718884958,0.41088823456208134,24.471157638,-113.6993974632669,0.42651466611697353,21.644565972,-113.54058396978671,0.4050030680985785
86,34.346597701,-122.81046641088055,0.4736321846248895,32.346576723,-120.31723730747363,0.46444673447752716,23.810547343,-113.81711417018998,0.41010972764143777,34.650572841000006,-111.65557815178617,0.4166796840111395,48.374665799,-123.82475254694734,0.44356644203732076,47.316990826,-121.24217899723335,0.421090894002613,31.136790956,-114.59589494825072,0.4148701176644384,27.160820171,-113.15034720453036,0.4157653934366874
87,17.624893173,-122.17879338080262,0.4436760013092386,21.428025361,-121.1214975030125,0.4109499963319453,14.946861954,-115.79132935219094,0.41191638037067746,24.312231505,-116.46589690930259,0.3641063553839915,38.703010594999995,-122.65261975402922,0.42389540127132064,38.142050848,-120.74831045197112,0.43519593703164655,21.599341278,-114.51742661174978,0.425304711077807,22.272831729,-114.09214958427116,0.41831221583164435
88,17.373788749,-123.78976132399407,0.444212720575876,19.097737893999998,-119.91199945331384,0.42253178370304745,15.076478079,-114.71212453631458,0.42270348241866273,23.758968477000003,-111.88464089115783,0.4258050322731517,29.151523055000002,-122.71988227098716,0.434767559541714,32.487747147,-120.71576169966654,0.41513064503016905,23.081093002000003,-115.59713340446898,0.415657277959315,21.665379169,-113.32812388885748,0.4047865512214248
89,23.753320071999998,-122.21012837275438,0.4614000915267873,16.583777275,-120.05888602769271,0.41929044472438803,14.884532785000001,-116.12443526199027,0.39999412548001284,14.124414525,-114.2748119777681,0.4132225397713152,29.758300023,-122.8155644488259,0.44464337056341213,24.357181922,-120.23988536862612,0.42783150837706024,28.271953175,-115.12046376465061,0.4397865725599919,24.326005291,-111.79383903021599,0.39806643424610144
90,15.531562970999998,-123.0564766552174,0.41979428515707196,15.600807302,-121.32240584484842,0.39643144673904573,15.859443751,-112.81237557786568,0.39339825069350853,14.042754196,-112.28084773575723,0.41688060610099875,22.080565556000003,-122.10841598607003,0.42762187421662057,21.308590574,-120.17192610162736,0.43204839945418827,27.867329,-113.85236429299428,0.4320115826303388,22.655465527,-111.8819487211398,0.419417243667201
91,37.891369006999994,-123.31497765700632,0.4428790090311092,23.341284774000002,-121.30210084293513,0.44353917227818906,27.453708354,-113.57907709185052,0.4170625898193226,35.25261287,-112.63287655952568,0.41309349168607123,33.644327638,-123.36323604892057,0.43241837186732424,41.111859238,-120.38413017383506,0.48566361749493714,29.117381952000002,-115.50895746980365,0.4198847200928071,27.934846238,-113.06144997776984,0.430701662499678
92,27.693920296,-121.88439703018467,0.4394282109921249,16.731727929,-120.45665978985433,0.42414665632421505,22.034734098,-113.09948749175972,0.38489134043497336,24.452957814,-114.81782125370975,0.39756046061303796,30.401744363,-123.05898269727089,0.4500678981537428,28.663669307000003,-121.22787292390996,0.41821335554287253,21.345614727,-114.91107039452002,0.43358128895441517,22.814802978000003,-112.86616106992756,0.42505999331260086
93,16.751097905,-121.25018911873022,0.43755014538482956,17.984570419,-119.81942572410381,0.43599281281569147,20.670718735,-113.72894167995126,0.4025214223774266,21.669421727000003,-115.50810349954267,0.3866204912016199,25.044421226,-123.08023542338259,0.4673500245635486,24.529063525,-120.6539947560149,0.42940604716840175,21.752478436999997,-115.76883081617056,0.42893797852160886,22.349004122,-114.17651260261152,0.4058557580124902
94,16.157424142,-122.5119484070009,0.4210832805285952,24.793292954,-120.23072564949761,0.4125525062090784,16.576850364000002,-115.20164838637756,0.418693666528396,13.728926855,-114.80657474038614,0.42395959220297913,26.089014930999998,-122.12104949995965,0.4136267939545233,29.496096596999998,-120.55821419564631,0.43638255583368024,22.771397923000002,-114.80599902467709,0.4337496990808095,22.127419413,-111.83443214895087,0.41258644755563856
95,14.718819037,-124.2755630290705,0.4480734443476355,19.576800000000002,-120.3787721995574,0.4350977835420463,13.711702253,-113.32947215866633,0.40934247702201165,14.224692603,-111.64434685098847,0.39940108337524083,24.010639185,-121.60606398691169,0.4306035400083079,24.245684578,-121.50052441430377,0.4356044695273461,21.467964257,-113.75531596373874,0.4270147431791389,25.692398869,-114.28390346885456,0.4169391304183616
96,32.139649169,-122.20626206172263,0.4216966651186579,34.349358549,-118.72041104571565,0.4521088531021944,35.263544133,-114.49596781596101,0.40669627059520014,20.580609887999998,-114.30591842555633,0.4277229697229094,38.841512819,-122.87773815632532,0.44233585402113046,30.651898426,-120.63121401342954,0.44505279856419944,27.186063767,-113.47191002986257,0.4151400186152234,29.494145392,-113.11936423992842,0.41879466332998067
97,23.021612426,-122.2314041622074,0.4486933210792276,26.084462430000002,-120.30642572936387,0.41697208145807185,26.109660045,-113.29487903937192,0.3919244004830265,14.667560992,-113.23492685775273,0.3734953947873265,32.534903361,-123.19232732687009,0.40365862307810285,23.259095189,-120.0377561742674,0.42760654442447155,21.254909389999998,-113.99213147242159,0.4188141879057116,21.264515566,-112.63306559584571,0.4188721645101955
98,21.556039161,-122.13112931165277,0.43337854666045245,26.295276928,-120.4696978251754,0.43503093129919373,24.758059487,-112.96283134361029,0.4091844725220885,14.656983032,-113.52334850899145,0.4117132154273024,29.257573142,-122.471530611115,0.4474818840406999,23.863879171,-120.88646425724399,0.44997619367360014,22.007499519,-115.661177590068,0.3970330370843952,21.318955760999998,-112.78114251426258,0.41518033600972226
99,19.613596773999998,-123.30758395338881,0.45486114046128073,16.71212421,-120.68240160145143,0.39961474583159573,14.036075778,-115.24732583482827,0.4046252563709934,14.685883054,-111.71725485308436,0.38862248446061143,24.589743717999998,-123.25630345665465,0.47887786393305654,22.930138621999998,-121.24819846305573,0.45087562646445317,21.888699603,-115.40882062299201,0.4290165451943776,21.839011562,-112.45023450055822,0.4220274641574587
100,15.686940475,-123.90988401551073,0.4397456104275438,15.467101503,-120.87537784461414,0.4482725272472544,13.702195747,-113.89411249140117,0.4116792978182117,14.753781464,-112.31463191105743,0.39922902534818344,22.556527378,-122.90921635117388,0.46502663750670264,24.484455579000002,-120.53794116448091,0.46175590261998656,21.595413734,-113.27487746606663,0.3989201354172336,21.594126899,-113.91104818248478,0.41670467774147435
